subject_id,png_filename,marks
8470926,f307_c610-0.png,"[(131, 383), (140, 456), (134, 384), (75, 89), (136, 384), (141, 460), (71, 88), (131, 383), (136, 457), (133, 384), (135, 460), (73, 89), (134, 383), (137, 459), (135, 455), (131, 381), (196, 399), (137, 460), (134, 383), (73, 91), (134, 382), (137, 458), (137, 457), (134, 384), (73, 88), (136, 456), (133, 384), (136, 460), (132, 387), (74, 89), (129, 456), (124, 380), (140, 462), (137, 463), (136, 386)]"
8469694,f150_c474-0.png,"[(85, 33), (411, 5), (246, 11), (244, 10), (414, 2), (89, 30), (91, 31), (243, 12), (414, 6), (88, 37), (241, 8), (410, 3), (89, 26), (247, 11), (409, 6), (88, 28), (243, 11), (414, 2), (91, 32), (245, 12), (412, 4), (89, 28), (243, 9), (412, 3)]"
8459363,f143_c456-0.png,"[(114, 482), (313, 169), (113, 485), (201, 318), (311, 167), (116, 484), (202, 320), (311, 168), (200, 318), (116, 484), (309, 167), (312, 167), (201, 321), (116, 484), (307, 167), (115, 482), (309, 165), (117, 485), (200, 325), (311, 164), (311, 170), (203, 319), (117, 484), (116, 488), (313, 170), (312, 172), (117, 482), (201, 320), (110, 484), (117, 485), (311, 166), (117, 484), (202, 319), (309, 168), (116, 482), (310, 166), (117, 484)]"
8441957,f150_c110-0.png,"[(22, 368), (62, 374), (312, 98), (21, 370), (62, 374), (64, 374), (21, 371), (22, 368), (62, 374), (314, 99), (23, 370), (64, 374), (65, 376), (33, 373), (27, 371), (20, 372), (64, 370), (309, 102), (18, 371), (65, 375), (10, 445), (23, 370), (63, 372), (312, 97), (64, 372), (20, 369), (309, 98), (64, 374), (64, 374), (24, 370), (64, 373), (23, 369), (64, 374), (22, 370)]"
8434098,f243_c1016-1.png,"[(368, 109), (190, 248), (191, 247), (367, 110), (468, 18), (189, 246), (469, 18), (367, 108), (195, 248), (192, 246), (467, 18), (469, 16), (193, 246), (366, 111), (196, 246), (365, 114), (477, 23), (191, 245), (368, 109), (469, 17), (192, 247), (367, 109), (189, 247), (361, 108), (188, 252), (189, 246), (366, 109), (190, 247), (367, 110)]"
8423625,f150_c441-0.png,"[(413, 252), (241, 262), (87, 282), (88, 282), (244, 261), (412, 250), (414, 249), (243, 262), (89, 280), (412, 249), (243, 262), (89, 278), (414, 249), (243, 262), (89, 282), (86, 281), (245, 260), (415, 250), (87, 276), (242, 256), (407, 247), (91, 277), (242, 257), (416, 249), (413, 252), (243, 261), (92, 281), (411, 248), (240, 260), (89, 283), (418, 250), (243, 265), (91, 280), (412, 249), (244, 261), (89, 280)]"
8423625,f150_c441-0.png,"[(413, 252), (241, 262), (87, 282), (88, 282), (244, 261), (412, 250), (414, 249), (243, 262), (89, 280), (412, 249), (243, 262), (89, 278), (414, 249), (243, 262), (89, 282), (86, 281), (245, 260), (415, 250), (87, 276), (242, 256), (407, 247), (91, 277), (242, 257), (416, 249), (413, 252), (243, 261), (92, 281), (411, 248), (240, 260), (89, 283), (418, 250), (243, 265), (91, 280), (412, 249), (244, 261), (89, 280)]"
8421633,f143_c467-0.png,"[(280, 146), (58, 130), (162, 133), (291, 131), (160, 136), (56, 131), (280, 146), (282, 147), (160, 133), (58, 131), (279, 146), (59, 129), (160, 132), (57, 128), (161, 132), (279, 146), (296, 130), (57, 131), (279, 148), (161, 133), (294, 132), (55, 130), (278, 148), (58, 126), (282, 145), (57, 130), (279, 146), (159, 133), (58, 128), (163, 133), (283, 147), (60, 128), (161, 131), (278, 145), (296, 128), (56, 130), (162, 132), (284, 145)]"
8421633,f143_c467-0.png,"[(280, 146), (58, 130), (162, 133), (291, 131), (160, 136), (56, 131), (280, 146), (282, 147), (160, 133), (58, 131), (279, 146), (59, 129), (160, 132), (57, 128), (161, 132), (279, 146), (296, 130), (57, 131), (279, 148), (161, 133), (294, 132), (55, 130), (278, 148), (58, 126), (282, 145), (57, 130), (279, 146), (159, 133), (58, 128), (163, 133), (283, 147), (60, 128), (161, 131), (278, 145), (296, 128), (56, 130), (162, 132), (284, 145)]"
8336820,f1756_c546-0.png,"[(75, 246), (417, 139), (76, 246), (78, 247), (440, 224), (79, 246), (78, 245), (78, 244), (415, 140), (79, 244), (416, 140), (78, 243), (416, 139), (79, 246), (76, 245), (415, 138), (77, 249), (80, 246), (72, 244), (74, 248), (79, 244), (74, 245), (416, 139)]"
8337506,f1756_c296-0.png,"[(199, 486), (196, 485), (201, 248), (198, 250), (195, 488), (197, 249), (193, 491), (200, 252), (196, 487), (198, 486), (195, 485), (195, 251), (194, 484), (196, 246), (198, 486), (196, 485), (199, 488), (198, 485), (198, 487), (199, 486), (199, 487), (199, 250), (199, 489), (199, 251), (193, 482), (200, 250)]"
8338953,f1469_c176-0.png,"[(189, 286), (187, 285), (186, 287), (166, 178), (108, 205), (164, 174), (186, 284), (191, 287), (189, 286), (234, 205), (167, 179), (229, 192), (188, 284), (190, 286), (165, 177), (188, 284), (189, 287), (168, 179), (190, 286), (164, 176), (188, 288), (165, 175), (188, 289), (194, 287), (164, 181), (59, 135), (188, 285), (165, 176), (226, 193), (107, 203), (59, 131), (187, 285), (186, 286), (187, 282), (164, 177), (243, 100)]"
8341428,f1470_c412-0.png,"[(130, 383), (257, 336), (256, 338), (130, 382), (254, 338), (131, 383), (257, 339), (256, 339), (129, 382), (130, 381), (259, 339)]"
8341608,f1470_c742-0.png,"[(107, 157), (243, 252), (476, 247), (107, 156), (245, 252), (108, 152), (436, 185), (476, 246), (107, 156), (244, 256), (475, 248), (438, 189), (267, 392), (218, 381), (475, 248), (438, 190), (244, 254), (106, 157), (105, 157), (245, 256), (474, 249), (437, 192), (107, 159), (245, 253), (217, 383), (474, 250), (438, 189), (438, 191), (475, 247), (438, 189), (476, 248), (246, 252), (109, 158), (109, 159), (109, 156), (245, 256), (477, 248), (107, 154), (475, 251), (242, 255), (245, 250), (107, 156), (472, 249), (245, 253), (106, 159), (475, 249), (106, 156), (245, 253), (473, 250), (109, 157), (475, 250), (244, 253), (105, 156), (240, 257), (214, 378), (480, 251), (439, 187), (109, 160), (222, 377), (249, 257), (475, 249), (434, 188), (474, 248), (437, 190), (245, 253), (106, 156), (217, 381), (108, 157), (245, 254), (475, 250), (108, 156), (244, 252), (438, 192), (474, 250)]"
8343029,f10_c1022-0.png,"[(440, 61), (227, 342), (131, 238), (128, 238), (133, 238), (132, 239), (226, 343), (131, 237), (459, 18), (182, 44), (131, 237), (131, 236), (225, 345), (227, 344), (130, 238), (181, 45), (440, 60), (224, 346), (129, 236), (230, 346), (130, 237), (227, 343), (439, 60), (457, 18), (227, 342), (129, 236), (221, 337), (131, 240), (229, 342), (128, 235), (132, 237), (228, 343), (227, 346), (130, 238), (458, 20), (181, 44)]"
8343227,f1_c409-2.png,"[(421, 353), (356, 436), (350, 308), (270, 172), (61, 21), (256, 246), (399, 225), (401, 226), (255, 245), (444, 76), (403, 225), (257, 244), (334, 370), (401, 226), (258, 242), (401, 224), (257, 246), (404, 225), (261, 245), (403, 227), (254, 244), (334, 369), (403, 225), (253, 245), (334, 371), (401, 226), (257, 245), (254, 245), (400, 226), (334, 369), (401, 225), (255, 244)]"
8343303,f1_c575-1.png,"[(136, 415), (137, 368), (231, 397), (85, 360), (49, 94), (325, 232), (442, 136), (369, 295), (444, 136), (442, 136), (366, 301), (372, 295), (440, 140), (199, 417), (324, 231), (444, 137), (442, 134), (326, 233), (325, 232), (443, 136), (441, 134), (54, 95), (236, 402), (84, 360), (443, 136)]"
8343719,f1_c69-0.png,"[(315, 435), (236, 461), (185, 254), (102, 435), (198, 264), (398, 36), (185, 257), (236, 462), (316, 436), (397, 36), (234, 466), (322, 437), (185, 259), (202, 274), (219, 299), (447, 217), (350, 294), (398, 38), (185, 252), (114, 193), (238, 456), (315, 437), (459, 202), (185, 255), (214, 283), (114, 198), (199, 264), (319, 433), (237, 458), (105, 433), (315, 430), (238, 463), (188, 252), (116, 191), (458, 205), (400, 35), (77, 125), (1, 137), (213, 287), (105, 433), (393, 387), (184, 250), (236, 464), (197, 264), (243, 463), (194, 259), (185, 255), (237, 461), (198, 263), (59, 497), (199, 263)]"
8344053,f1_c557-2.png,"[(101, 15), (445, 327), (410, 325), (363, 396), (178, 388), (445, 327), (364, 396), (408, 321), (102, 17), (442, 326), (409, 322), (366, 396), (119, 423), (179, 387), (53, 90), (445, 408), (101, 16), (362, 398), (441, 326), (103, 17), (444, 327), (364, 397), (411, 323), (152, 487), (178, 387), (119, 424), (364, 400), (442, 330), (174, 387), (122, 426), (443, 323), (364, 398), (103, 17), (362, 404), (445, 324), (101, 15), (123, 423), (181, 390), (367, 399), (407, 324), (447, 328), (52, 90), (101, 14), (100, 15), (151, 487), (441, 327), (363, 396), (176, 388), (119, 423), (103, 17), (120, 425), (178, 388), (364, 398), (409, 323), (443, 328), (101, 15), (442, 325), (101, 15), (441, 327), (363, 397), (151, 486), (409, 323), (53, 89), (364, 394), (440, 325), (101, 11), (444, 326), (365, 397), (107, 18), (365, 391), (440, 328), (100, 16), (118, 425), (177, 387), (152, 487), (361, 396), (443, 327), (364, 397), (99, 15), (441, 325), (362, 397), (409, 321), (331, 313)]"
8344082,f1_c576-2.png,"[(243, 341), (192, 137), (313, 184), (300, 171), (312, 187), (181, 220), (313, 183), (174, 214), (75, 232), (156, 377), (324, 90), (288, 89), (391, 203), (315, 182), (197, 135), (174, 214), (222, 484), (160, 376), (109, 297), (312, 183), (173, 213), (60, 233), (121, 295), (319, 183), (190, 134), (221, 484), (313, 184)]"
8344397,f1_c679-0.png,"[(204, 377), (209, 459), (369, 76), (202, 376), (207, 459), (327, 184), (210, 459), (204, 377), (204, 381), (205, 379), (208, 461), (203, 378), (208, 459), (203, 376), (208, 460), (202, 377), (203, 379), (204, 378), (212, 460), (204, 378), (209, 458), (204, 376), (203, 376), (369, 75), (208, 460), (457, 306), (484, 465), (206, 377), (211, 457)]"
8344440,f1_c237-0.png,"[(202, 202), (209, 197), (464, 225), (392, 221), (409, 364), (200, 203), (449, 93), (408, 363), (407, 361), (200, 202), (450, 93), (409, 364), (201, 202), (200, 206), (210, 199), (203, 202), (392, 218), (316, 301), (459, 226), (198, 312), (406, 358), (209, 198), (200, 202), (450, 92), (199, 202), (345, 53), (99, 145), (409, 361), (315, 297), (199, 200), (409, 366), (202, 204), (200, 199), (215, 195), (199, 200)]"
8345003,f10_c485-1.png,"[(264, 239), (199, 217), (246, 290), (443, 295), (442, 386), (166, 296), (145, 354), (232, 472), (400, 429), (453, 112), (21, 411), (246, 286), (393, 426), (186, 379), (290, 414), (301, 329), (150, 443), (170, 407), (194, 417), (323, 450), (208, 411), (309, 434), (235, 212), (283, 199), (349, 147), (361, 46), (130, 395)]"
8350222,f1469_c128-0.png,"[(81, 77), (133, 97), (53, 494), (54, 492), (53, 496), (52, 496), (81, 76), (134, 96), (52, 494), (134, 99), (83, 79), (53, 491), (52, 495), (80, 76), (134, 97), (51, 496), (51, 494), (132, 96), (53, 494)]"
8350270,f1469_c964-0.png,"[(167, 74), (87, 84), (412, 170), (179, 63), (267, 141), (267, 111), (272, 90), (399, 170), (399, 234), (82, 85), (168, 67), (257, 55), (263, 22), (463, 167), (170, 70), (401, 160), (402, 159), (170, 68), (84, 77), (81, 76), (400, 159), (166, 69), (405, 156), (269, 135), (265, 88), (261, 52), (168, 64), (87, 75), (404, 162), (170, 68), (169, 60), (255, 125), (401, 161), (168, 67), (82, 73), (168, 69), (403, 159), (417, 160), (266, 140), (253, 18), (268, 61), (273, 117), (175, 69), (84, 71), (263, 101), (419, 127), (404, 161), (171, 70), (84, 75), (266, 102), (402, 157), (171, 68), (81, 76), (402, 160), (169, 70)]"
8351285,f1_c219-0.png,"[(284, 284), (317, 332), (283, 285), (322, 330), (327, 324), (276, 272), (122, 366), (283, 281), (318, 332), (282, 284), (317, 332), (125, 370), (148, 230), (9, 271), (289, 282), (226, 449), (446, 452), (468, 14), (280, 285), (317, 335), (225, 447), (316, 329), (225, 449), (285, 284), (317, 331), (317, 333), (250, 319), (284, 285), (320, 333), (283, 284), (223, 451), (474, 180)]"
8353055,f1470_c1055-0.png,"[(358, 125), (310, 130), (311, 130), (357, 127), (359, 126), (312, 130), (359, 130), (312, 131)]"
8354553,f10_c1024-0.png,"[(394, 39), (373, 139), (394, 39), (372, 140), (379, 423), (373, 142), (397, 42), (229, 150), (393, 41), (395, 39), (373, 139), (373, 423), (374, 430), (393, 434), (412, 170), (419, 105), (329, 218), (372, 141), (390, 41), (398, 37), (396, 40), (371, 139), (395, 39), (372, 140), (392, 433), (397, 36), (372, 139), (371, 138), (395, 38), (393, 37), (395, 41), (374, 430), (394, 39), (372, 138), (376, 426), (394, 37), (373, 139), (372, 139), (394, 38), (393, 39), (374, 138), (374, 429), (378, 422), (367, 131), (388, 40), (228, 163), (228, 160), (228, 157), (227, 153), (227, 151), (227, 145), (371, 140), (397, 41)]"
8358461,f77_c378-0.png,"[(54, 251), (341, 479), (52, 250), (340, 478), (240, 478), (55, 253), (55, 249), (55, 250), (56, 252), (55, 247), (54, 250), (342, 478), (56, 247), (343, 476), (56, 248), (55, 252), (65, 259), (53, 251), (54, 250), (341, 477), (54, 252), (341, 479), (57, 246), (346, 476), (239, 474), (52, 252), (57, 249), (56, 253), (341, 480)]"
8358516,f77_c128-0.png,"[(140, 13), (326, 253), (487, 386), (145, 10), (332, 244), (491, 384), (144, 9), (162, 58), (490, 384), (328, 253), (491, 383), (326, 253), (141, 7), (488, 385), (142, 9)]"
8358855,f77_c94-0.png,"[(201, 148), (202, 148), (193, 478), (206, 145), (395, 261), (203, 147), (193, 474), (394, 258), (203, 146), (195, 475), (192, 470), (207, 147), (395, 261), (193, 474), (210, 150), (390, 260), (205, 145), (207, 150), (395, 258), (190, 476), (205, 150), (395, 257), (193, 477), (196, 145)]"
8360429,f70_c518-0.png,"[(191, 81), (433, 200), (438, 190), (195, 83), (437, 191), (195, 82), (196, 84), (438, 193), (194, 83), (195, 80), (437, 193), (435, 193), (193, 81), (194, 82)]"
8361341,f78_c568-0.png,"[(255, 342), (416, 96), (413, 96), (414, 95), (255, 340), (254, 345), (413, 93), (257, 341), (415, 95), (257, 342), (416, 94), (255, 341)]"
8361495,f78_c22-0.png,"[(144, 179), (64, 168), (62, 171), (60, 167), (64, 171), (63, 171), (147, 174), (63, 171), (146, 177), (64, 171), (149, 178), (59, 171), (62, 171)]"
8362248,f78_c324-0.png,"[(465, 347), (126, 137), (462, 343), (127, 135), (465, 342), (465, 344), (127, 134), (463, 345), (126, 133), (126, 132), (460, 344), (463, 344), (462, 342), (463, 343), (461, 341), (463, 343), (462, 345), (128, 133), (463, 344), (461, 343), (128, 134), (463, 344), (462, 342), (129, 133)]"
8410015,f1_c88-2.png,"[(344, 381), (415, 170), (173, 422), (345, 442), (415, 171), (411, 167), (349, 446), (162, 421), (199, 274), (413, 168), (161, 420), (197, 278), (349, 446), (87, 64), (414, 170), (416, 170), (196, 279), (160, 422), (345, 445)]"
8410233,f1_c992-1.png,"[(471, 30), (391, 454), (51, 27), (356, 270), (467, 30), (418, 280), (442, 285), (464, 287), (488, 292), (467, 31), (12, 35), (469, 29), (51, 27), (465, 35), (51, 29), (54, 323), (146, 339), (392, 455), (456, 275), (416, 279), (490, 285), (464, 283), (438, 285), (466, 33), (51, 30), (223, 66), (80, 384), (265, 422), (325, 402), (486, 287), (417, 280), (462, 287), (466, 29), (439, 283), (391, 457), (354, 271), (48, 29)]"
8410254,f1_c7-1.png,"[(149, 444), (74, 466), (147, 440), (152, 446), (148, 448), (76, 466), (437, 276), (148, 443), (77, 463), (77, 463), (148, 441), (148, 445), (148, 442), (70, 460), (149, 445), (74, 469), (150, 443)]"
8410359,f1_c959-0.png,"[(465, 278), (468, 279), (50, 278), (231, 51), (467, 279), (49, 275), (467, 281), (46, 281), (48, 280), (468, 279), (48, 280), (54, 274), (49, 277), (20, 277), (469, 277), (478, 259), (433, 253), (187, 471), (4, 451), (456, 75), (468, 281), (405, 322), (49, 279)]"
8411044,f307_c323-0.png,"[(135, 54)]"
8411319,f98_c942-0.png,"[(45, 57), (107, 461), (363, 196), (41, 54), (44, 57), (108, 465), (44, 56), (40, 55), (45, 56), (107, 464), (43, 56), (41, 52)]"
8412192,f155_c569-0.png,"[(46, 54), (126, 62), (137, 81), (42, 51), (120, 69), (150, 102), (139, 81), (126, 62), (47, 54), (141, 89), (127, 66), (53, 53), (52, 49), (49, 57), (127, 65), (139, 84), (139, 80), (125, 60), (50, 57), (49, 55), (126, 63), (138, 80), (49, 60)]"
8413678,f88_c885-1.png,"[(425, 378), (256, 239), (419, 384), (257, 238), (23, 68), (416, 387), (255, 240), (260, 236)]"
8413815,f150_c1028-0.png,"[(466, 296), (466, 296), (264, 442), (464, 297), (266, 442), (464, 298), (266, 441), (466, 298), (465, 297), (266, 442), (262, 440), (467, 296), (356, 494), (466, 298), (266, 441), (468, 299), (262, 437)]"
8414618,f307_c522-2.png,"[(260, 91), (495, 140), (494, 142), (266, 85), (498, 143), (499, 243), (262, 93), (496, 141), (499, 243), (262, 90), (498, 143), (261, 92), (270, 334), (7, 287), (7, 290), (9, 145), (495, 244), (496, 140)]"
8417906,f86_c289-0.png,"[(250, 404), (248, 405), (217, 240), (247, 404), (215, 241), (244, 404), (248, 404), (249, 404), (259, 407), (249, 403), (248, 404), (214, 241), (248, 407)]"
8418511,f247_c171-0.png,"[(389, 249), (389, 247), (468, 336), (470, 337), (393, 247), (469, 337), (390, 250), (392, 253), (468, 335), (390, 249), (394, 251), (470, 335), (390, 249), (469, 337), (389, 249), (468, 335), (327, 480), (393, 246), (470, 338), (471, 332), (393, 244), (391, 247), (470, 335), (470, 338), (391, 248), (239, 235), (151, 348), (385, 247), (465, 333), (327, 484)]"
8419032,f245_c38-2.png,"[(10, 384), (221, 400), (486, 122), (85, 55), (219, 399), (7, 381), (220, 402), (23, 463), (223, 405), (13, 380), (222, 403), (12, 386), (221, 400), (11, 380), (218, 401), (8, 384), (11, 378), (219, 404)]"
8421249,f1_c700-0.png,"[(390, 358), (120, 406), (142, 274), (496, 203), (388, 357), (118, 404), (390, 357), (121, 407), (141, 275), (116, 406), (388, 362), (137, 273), (55, 36), (391, 357), (307, 358), (141, 273), (72, 307)]"
8422136,f247_c39-0.png,"[(28, 128), (454, 116), (23, 126), (458, 113), (30, 133), (455, 121), (29, 129), (453, 120), (22, 138), (28, 133), (454, 121), (29, 132), (455, 119), (30, 132), (454, 120), (28, 131), (28, 132), (455, 121), (28, 131), (455, 119), (28, 131), (456, 118)]"
8424554,f307_c733-0.png,"[(121, 241), (394, 310), (398, 313), (119, 241), (124, 240), (397, 313), (121, 243), (120, 238), (396, 310), (399, 312), (119, 241), (396, 312), (398, 310), (122, 240), (396, 312), (122, 240)]"
8426147,f88_c1055-0.png,"[(466, 334), (465, 334), (248, 469), (466, 331), (251, 467), (466, 334), (248, 467), (465, 336), (468, 334), (246, 467), (465, 333), (465, 334), (249, 472), (467, 330), (465, 332), (249, 468), (468, 331), (255, 468), (464, 331)]"
8426809,f394_c526-0.png,"[(305, 48), (447, 293), (335, 303), (417, 401), (417, 398), (306, 47), (335, 304), (446, 294), (420, 403), (304, 52), (415, 401), (332, 302), (448, 294), (303, 48), (90, 90), (160, 295), (421, 400), (446, 294), (340, 304), (308, 44), (417, 399), (304, 48), (415, 402), (304, 48), (304, 46), (414, 398), (320, 60), (334, 303), (447, 292), (417, 399), (445, 294), (303, 47), (418, 399), (445, 295), (305, 48), (417, 401), (447, 288), (304, 47), (417, 397), (305, 44), (448, 294), (305, 45), (417, 397), (445, 293), (417, 398), (305, 48), (417, 400), (414, 400), (303, 47), (417, 397), (446, 293), (420, 400), (303, 46), (415, 397), (316, 64), (444, 292)]"
8427389,f307_c94-0.png,"[(50, 60), (174, 83), (191, 175), (402, 2), (52, 56), (52, 53), (52, 50), (54, 56), (97, 87), (166, 90)]"
8428025,f238_c493-0.png,"[(77, 50), (76, 69), (186, 259), (195, 220), (206, 22), (183, 258), (76, 50), (184, 258), (76, 51), (80, 49), (78, 51), (184, 259), (77, 49), (76, 52), (18, 64), (4, 22), (22, 46), (2, 22), (78, 64), (189, 256), (79, 50), (78, 51), (184, 259), (77, 51), (184, 259), (77, 51), (184, 258), (183, 259), (75, 51), (75, 50)]"
8428729,f307_c926-2.png,"[(442, 328), (153, 46), (151, 44), (151, 45), (445, 326), (351, 435), (155, 45), (444, 327), (353, 434), (152, -104), (152, 43), (443, 325), (442, 327), (352, 436), (155, 48), (151, 46), (152, 43), (439, 327)]"
8429837,f150_c963-0.png,"[(7, 244), (4, 244), (275, 88), (294, 188), (294, 188), (6, 246), (6, 245), (297, 190), (11, 246), (292, 190), (9, 244), (8, 239), (304, 188), (4, 243)]"
8430559,f245_c71-0.png,"[(9, 132), (220, 150), (219, 148), (11, 132), (219, 149), (9, 132), (10, 133), (218, 149), (224, 148), (8, 133), (9, 131), (220, 149), (10, 130), (8, 130), (218, 151), (5, 131), (219, 150)]"
8431808,f239_c147-0.png,"[(407, 312), (25, 284), (25, 344), (405, 313), (22, 345), (26, 284), (27, 344), (26, 286), (405, 314), (405, 315), (405, 314), (407, 313), (405, 314), (26, 345), (405, 314), (24, 285), (22, 344)]"
8432415,f243_c1051-0.png,"[(222, 121), (223, 126), (222, 122), (253, 474), (222, 123), (255, 474), (222, 123), (252, 469), (221, 120), (223, 120), (432, 56), (225, 123), (223, 122), (223, 122), (435, 178), (252, 327), (254, 478), (222, 122), (256, 472), (231, 123), (224, 117), (223, 121), (253, 471), (222, 115), (233, 122), (223, 123), (253, 471)]"
8432584,f392_c354-0.png,"[(411, 58), (276, 334), (412, 60)]"
8433343,f145_c549-0.png,"[(303, 199), (296, 200), (374, 63), (372, 62), (389, 68), (295, 200), (389, 69)]"
8434302,f394_c255-0.png,"[(322, 368), (323, 367), (323, 371), (320, 369), (323, 366), (334, 361), (294, 360), (335, 350), (360, 326), (382, 302), (282, 356), (371, 309), (135, 387), (323, 367), (323, 368), (322, 365), (135, 386)]"
8437170,f307_c32-0.png,"[(78, 148), (80, 150), (79, 150), (82, 147), (295, 134), (84, 104), (79, 148), (78, 149), (86, 105), (78, 149), (79, 145)]"
8434729,f241_c658-0.png,"[(431, 226), (327, 342), (433, 228), (430, 228), (431, 227), (432, 226), (432, 227), (436, 227), (432, 228), (431, 227), (431, 228), (326, 343), (432, 230), (433, 229), (438, 224), (356, 348), (434, 227), (432, 229)]"
8435642,f94_c655-0.png,"[(367, 75), (367, 75), (365, 72), (405, 136), (367, 74), (367, 74), (400, 136), (362, 77), (365, 75), (400, 135), (369, 73), (403, 133), (369, 70), (372, 79), (405, 134), (364, 72)]"
8436065,f394_c662-0.png,"[(113, 139), (112, 139), (114, 137), (113, 138), (114, 140), (120, 171), (118, 139), (119, 134), (113, 124), (112, 136), (116, 175), (113, 136), (110, 138), (114, 175), (114, 138)]"
8436898,f239_c224-0.png,"[(45, 30), (278, 474), (279, 472), (44, 30), (282, 472), (282, 470), (278, 471), (43, 30), (278, 471), (42, 31), (280, 471), (266, 448), (362, 55), (279, 474), (276, 472), (318, 495)]"
8438180,f153_c518-0.png,"[(227, 141), (182, 172), (227, 141), (227, 143), (184, 172), (226, 142), (183, 172), (225, 142), (229, 143), (186, 171), (183, 172), (225, 144), (297, 310), (181, 170), (225, 142), (227, 144), (227, 139), (184, 175), (304, 313)]"
8438204,f242_c700-0.png,"[(5, 327), (57, 320), (83, 315), (112, 327), (287, 81), (313, 94), (219, 36), (216, 39), (120, 327), (82, 313), (5, 327), (66, 321), (287, 84), (219, 41), (119, 327), (83, 315), (316, 98), (118, 325), (84, 307), (1, 331), (215, 36), (289, 80), (65, 318), (123, 325), (82, 312), (285, 84), (214, 41), (3, 325), (83, 314), (119, 328), (217, 39), (313, 98), (287, 84), (287, 85), (217, 39), (121, 320), (78, 309), (7, 328), (216, 37), (288, 84), (317, 97), (85, 311), (63, 324), (3, 329), (116, 327), (315, 94), (290, 81), (216, 37), (118, 327), (83, 312), (5, 329), (64, 320), (218, 38), (288, 84), (119, 327), (83, 313), (65, 321), (3, 327), (6, 324), (66, 321), (213, 31), (297, 90), (96, 311), (6, 327), (65, 321), (118, 327), (84, 313), (286, 83), (315, 96), (216, 39), (5, 327), (65, 322), (117, 327), (83, 313), (289, 84), (219, 39), (284, 83), (318, 96), (117, 327), (84, 312), (61, 325), (7, 328), (217, 38), (288, 83), (315, 96), (117, 326), (83, 315), (4, 327), (64, 320), (118, 327), (83, 312), (217, 38), (288, 84), (315, 97)]"
8438774,f307_c563-2.png,"[(425, 293), (426, 294), (425, 289), (93, 354), (425, 293), (298, 97), (94, 355), (115, 146), (424, 292), (427, 296), (425, 293), (428, 294), (424, 293), (297, 96), (92, 355), (116, 144)]"
8439165,f394_c443-0.png,"[(334, 117), (106, 94), (96, 111), (331, 121), (104, 96), (334, 121), (104, 92), (338, 119), (102, 94), (103, 92), (336, 122), (488, 89), (335, 119), (102, 94), (489, 93), (339, 120), (103, 91), (487, 88), (335, 117), (100, 96), (334, 118), (101, 94), (334, 118), (487, 89), (102, 91), (336, 120), (103, 93), (337, 119), (101, 92), (489, 91), (339, 117), (99, 99), (493, 90)]"
8439402,f389_c548-0.png,"[(275, 279), (328, 189), (22, 142), (178, 379), (331, 188), (273, 280), (27, 143), (273, 280), (327, 188), (178, 379), (21, 150), (278, 280), (321, 192), (178, 386), (327, 195), (277, 275), (178, 377), (328, 188), (279, 280), (182, 380), (25, 146), (25, 144), (181, 382), (278, 279), (327, 188), (179, 380), (274, 279), (327, 190), (24, 145), (327, 189), (276, 278), (178, 379), (24, 143), (180, 378), (278, 277), (330, 188), (24, 143), (327, 190), (275, 278), (329, 189), (273, 279), (178, 377), (23, 143), (328, 188), (276, 279), (181, 378), (23, 145), (179, 379), (275, 277), (327, 187), (326, 188), (274, 279), (179, 379), (24, 143), (329, 190), (180, 379), (26, 144)]"
8439425,f150_c837-0.png,"[(215, 174), (295, 148), (80, 407)]"
8439797,f89_c474-0.png,"[(167, 186), (189, 318), (170, 187), (169, 186), (174, 189), (174, 187), (169, 190), (169, 192), (172, 189)]"
8441276,f89_c345-0.png,"[(108, 48), (465, 220), (119, 56), (327, 449), (464, 219), (119, 54), (328, 455), (329, 455), (465, 217), (118, 53), (464, 220), (290, 263), (118, 50), (465, 221), (325, 458), (123, 53), (463, 221), (330, 456), (115, 50)]"
8444126,f89_c431-0.png,"[(321, 91), (319, 91), (322, 91), (318, 89), (321, 89), (320, 96), (320, 92)]"
8445830,f246_c737-0.png,"[(239, 408), (239, 406), (238, 407), (239, 409), (242, 408), (355, 221), (237, 409), (241, 409), (238, 407), (241, 412), (240, 409)]"
8446376,f399_c217-0.png,"[(169, 144), (22, 113), (384, 266), (14, 195), (382, 265), (166, 143), (382, 267), (171, 143), (42, 129), (381, 267), (382, 264), (166, 146), (384, 267), (167, 146), (167, 144), (382, 264), (381, 266), (76, 295), (383, 263), (167, 142), (382, 266), (168, 146), (380, 268), (165, 147), (382, 265), (169, 145), (383, 264), (170, 143), (165, 145)]"
8449035,f392_c498-0.png,"[(225, 24), (197, 118), (224, 25), (224, 25), (226, 31), (223, 24), (224, 25), (262, 159), (226, 27), (225, 28), (264, 161), (197, 116), (227, 25), (224, 26), (225, 26), (407, 196), (200, 118), (224, 24), (262, 160), (225, 26), (264, 160), (225, 26), (221, 24)]"
8449172,f389_c72-0.png,"[(157, 158), (74, 306), (151, 158), (73, 306), (383, 215), (32, 60), (454, 153), (429, 328), (157, 157), (157, 157), (74, 303), (155, 155), (72, 305), (153, 159), (71, 306), (155, 160), (151, 160), (73, 307), (387, 215)]"
8449475,f99_c1008-2.png,"[(268, 496), (268, 494), (270, 495)]"
8449621,f246_c172-0.png,"[(144, 222), (82, 177), (147, 223), (459, 70), (146, 222), (146, 221), (146, 220), (145, 224), (82, 178), (96, 140), (461, 69), (148, 405), (147, 222), (148, 221), (146, 223)]"
8449842,f86_c770-0.png,"[(219, 378), (219, 376), (216, 377), (283, 6), (218, 376), (220, 378), (219, 377), (285, 4), (220, 379), (285, 9), (260, 183), (218, 378), (285, 7)]"
8450936,f239_c1034-0.png,"[(290, 114), (71, 149), (374, 52), (434, 320), (69, 150), (289, 110), (331, 256), (379, 396), (70, 151), (291, 112), (375, 50)]"
8453478,f307_c266-2.png,"[(180, 58), (109, 268), (183, 57), (181, 56), (108, 271), (181, 55), (108, 269), (108, 269), (181, 54), (254, 0), (227, 7), (112, 270), (183, 59), (111, 270), (181, 55), (108, 266)]"
8453626,f10_c868-2.png,"[(399, 105), (402, 105), (404, 104), (249, 452), (402, 105), (451, 105), (400, 105), (248, 451), (427, 487), (226, 144), (83, 360), (250, 450), (400, 102), (249, 452), (399, 101), (251, 449), (404, 103), (401, 103), (249, 452), (356, 242)]"
8453981,f399_c799-0.png,"[(314, 265), (314, 264), (278, 340), (400, 402), (313, 266), (317, 262), (399, 404), (315, 266), (401, 404), (313, 265), (401, 405), (328, 19), (60, 61), (312, 265), (276, 341), (400, 406), (314, 266), (314, 265), (402, 403), (278, 340), (313, 265), (313, 265), (400, 404), (312, 263), (278, 339), (66, 69), (332, 32), (447, 129), (330, 268), (289, 337), (396, 399), (311, 264), (401, 403), (275, 341)]"
8454115,f393_c94-0.png,"[(43, 291), (110, 316), (190, 332), (249, 383), (42, 292), (110, 317), (190, 331), (114, 316), (43, 290), (249, 383), (43, 293), (110, 315), (112, 313), (115, 316), (43, 291), (111, 316), (250, 383), (111, 314), (192, 331), (42, 291), (111, 316), (192, 331), (110, 316), (190, 332), (42, 292), (109, 315), (43, 289), (249, 383)]"
8454279,f394_c647-0.png,"[(65, 72), (447, 86), (67, 73), (449, 85), (302, 463), (234, 106), (446, 84), (447, 85), (66, 74), (446, 83), (64, 75), (64, 73), (445, 84), (66, 71), (449, 83), (65, 73), (449, 86), (303, 463), (448, 85), (67, 74), (444, 87), (448, 86), (65, 73), (196, 149), (450, 97)]"
8455157,f90_c916-0.png,"[(238, 180), (203, 113), (201, 111), (237, 180), (267, 323), (236, 181), (237, 181), (238, 180), (237, 189), (271, 328), (212, 119), (199, 113), (236, 181), (268, 318), (237, 181), (237, 182), (236, 183), (235, 180), (265, 319), (238, 182), (236, 184), (200, 113), (267, 319), (235, 181)]"
8455895,f242_c464-0.png,"[(88, 90), (167, 168), (87, 89), (90, 87), (90, 92), (171, 168), (89, 87), (89, 90), (87, 90), (166, 166), (262, 228), (86, 86), (80, 86), (164, 175), (166, 168), (85, 89), (170, 159), (90, 81)]"
8455927,f307_c1063-2.png,"[(137, 366), (138, 371), (136, 366), (140, 366), (135, 363), (140, 367), (118, 452), (386, 233), (114, 443), (138, 366)]"
8455946,f307_c118-0.png,"[(406, 433), (483, 242), (403, 437), (406, 436), (483, 241), (407, 436), (408, 437), (408, 437), (405, 435), (403, 435), (406, 438), (485, 243), (405, 437), (486, 245), (403, 433), (481, 245), (405, 437), (483, 242), (403, 438), (405, 435), (404, 434), (486, 243)]"
8456932,f238_c1011-0.png,"[(152, 218), (153, 220), (153, 213), (151, 218), (313, 28), (439, 27), (312, 27), (152, 219), (153, 215), (314, 26), (443, 29), (151, 218)]"
8457463,f10_c75-1.png,"[(462, 71), (460, 68), (351, 126), (264, 424), (466, 373), (460, 438), (463, 70), (265, 425), (480, 321), (479, 419), (352, 125), (354, 64), (464, 71), (102, 74), (468, 375), (460, 439), (462, 68), (467, 376), (457, 440), (373, 274), (404, 277), (323, 287), (102, 70), (305, 140), (351, 125), (355, 65), (265, 424), (98, 461), (478, 420), (398, 1), (463, 68), (266, 425), (481, 321), (461, 70), (462, 67), (462, 69), (469, 377), (458, 438), (372, 274), (403, 278), (463, 70), (479, 419)]"
8457756,f152_c694-0.png,"[(371, 205), (386, 186), (391, 452), (370, 208), (384, 193), (371, 212)]"
8458821,f307_c931-0.png,"[(141, 388), (85, 250), (140, 387), (84, 250), (140, 384), (84, 253), (142, 386), (142, 385), (84, 249), (85, 248), (140, 387), (84, 251), (144, 388), (142, 389), (84, 252), (141, 386), (83, 248), (85, 250), (141, 387), (83, 248), (142, 388)]"
8458821,f307_c931-0.png,"[(141, 388), (85, 250), (140, 387), (84, 250), (140, 384), (84, 253), (142, 386), (142, 385), (84, 249), (85, 248), (140, 387), (84, 251), (144, 388), (142, 389), (84, 252), (141, 386), (83, 248), (85, 250), (141, 387), (83, 248), (142, 388)]"
8461274,f307_c824-0.png,"[(452, 17), (309, 12), (342, 373), (172, 416), (344, 375), (311, 11), (179, 385), (306, 13), (307, 14), (455, 24), (345, 370), (455, 19), (306, 13), (342, 373), (116, 87), (343, 374), (342, 374), (307, 11), (339, 371), (307, 19), (195, 427), (306, 10), (456, 24), (348, 369), (307, 12), (454, 17), (308, 10), (453, 18), (342, 372), (456, 23), (343, 370), (310, 9), (454, 19), (342, 373), (180, 385), (307, 11), (451, 19), (344, 371), (180, 384)]"
8462357,f307_c604-2.png,"[(281, 12), (143, 201), (280, 16), (141, 201), (277, 18), (31, 73), (145, 205), (140, 204), (277, 15), (141, 204), (280, 15), (29, 70), (30, 70), (143, 204), (279, 13), (224, 104), (219, 109), (140, 203), (140, 202), (279, 14), (143, 200), (280, 13), (218, 106), (279, 15), (34, 70), (139, 195), (173, 256), (141, 203), (26, 69), (279, 16)]"
8462729,f152_c759-0.png,"[(313, 228), (261, 329), (65, 402), (64, 401), (260, 332), (310, 227), (316, 227), (261, 325), (65, 409), (312, 227), (258, 334), (65, 403), (311, 227)]"
8464056,f307_c493-2.png,"[(193, 159), (147, 136), (193, 155), (145, 133), (380, 432), (144, 134), (147, 133), (196, 156), (145, 132), (140, 134), (192, 154), (383, 433), (145, 132), (193, 153), (145, 135), (383, 436), (192, 154), (189, 145), (124, 125), (146, 133), (194, 153)]"
8464671,f94_c519-0.png,"[(15, 427), (16, 424), (12, 427), (16, 420), (13, 427), (17, 428), (492, 388), (492, 128), (450, 18), (194, 129), (281, 339), (470, 494), (13, 429), (13, 426), (17, 424), (13, 427), (12, 429), (12, 430)]"
8464795,f90_c948-0.png,"[(178, 191), (154, 265), (151, 266), (174, 190), (154, 266), (178, 192), (76, 9), (154, 266), (75, 10), (179, 191), (180, 192), (153, 266)]"
8466007,f86_c127-0.png,"[(197, 194), (253, 305), (253, 307), (251, 306), (197, 196), (122, 443), (197, 194), (252, 303), (122, 445), (120, 446), (197, 194), (253, 307), (122, 445), (196, 193), (250, 305), (200, 191), (119, 446), (251, 305), (197, 194), (127, 443)]"
8468268,f246_c437-0.png,"[(43, 214), (42, 214), (376, 64), (42, 212), (42, 214), (43, 215), (378, 64), (44, 215), (40, 211), (42, 213), (41, 212), (379, 64)]"
8468777,f238_c555-0.png,"[(228, 251), (208, 5), (227, 251), (226, 254), (208, 9), (227, 249), (205, 1), (227, 251), (212, 11), (229, 251)]"
8468814,f238_c926-0.png,"[(423, 270), (405, 310), (406, 312), (421, 270), (405, 310)]"
8469502,f242_c418-0.png,"[(351, 336), (344, 443), (353, 339), (417, 144), (349, 336), (351, 332), (353, 434), (424, 142), (346, 445), (351, 335), (59, 216), (7, 95), (91, 102), (457, 454), (350, 336), (417, 149), (414, 147), (350, 335), (352, 336), (418, 146), (351, 335), (343, 444), (346, 335), (419, 140), (416, 148), (351, 334), (351, 334), (344, 446)]"
8469739,f145_c49-0.png,"[(461, 11), (167, 16), (466, 11), (460, 12), (186, 5), (68, 181), (125, 115), (293, 94), (428, 53), (152, 405), (161, 11), (462, 14), (461, 11), (163, 16), (161, 14), (159, 12), (463, 12), (459, 12), (282, 3), (190, 2), (162, 14)]"
8470430,f242_c198-0.png,"[(224, 298), (172, 246), (173, 248), (171, 245), (224, 295), (170, 246), (379, 120), (382, 126), (172, 248), (224, 298), (173, 246), (171, 244), (228, 295), (382, 122), (172, 248), (225, 299), (172, 249), (225, 297), (384, 124), (173, 247), (225, 298), (173, 246), (225, 298), (170, 248)]"
8470893,f243_c446-1.png,"[(382, 408), (394, 483), (383, 407), (396, 483), (383, 407), (393, 484), (383, 408), (15, 76), (392, 484), (382, 408), (15, 75)]"
8471533,f10_c827-0.png,"[(451, 274), (219, 246), (269, 161), (448, 276), (275, 123), (136, 129), (272, 160), (270, 158), (273, 120), (452, 271), (269, 160), (447, 272), (273, 158), (139, 132), (270, 160), (275, 118), (454, 274), (269, 157), (275, 161), (274, 122), (452, 274), (137, 132), (272, 159), (274, 162), (250, 123), (136, 133), (275, 123), (452, 273)]"
8474899,f549_c148-0.png,"[(192, 318), (195, 46), (222, 87), (226, 89), (192, 45), (221, 90), (191, 319), (195, 45), (226, 92), (194, 319), (194, 318), (227, 89), (193, 47), (460, 428)]"
8475554,f458_c139-0.png,"[(275, 120), (408, 139), (404, 133), (400, 137), (261, 123), (262, 122), (402, 137), (262, 121), (58, 360), (401, 136), (262, 122), (402, 138), (263, 126), (403, 133), (401, 138), (400, 137)]"
8476241,f551_c153-0.png,"[(254, 348), (252, 350), (251, 351)]"
8476486,f548_c435-0.png,"[(71, 301), (70, 300), (71, 304), (71, 298), (72, 296), (310, 64), (72, 299), (71, 303), (314, 67), (71, 301)]"
8477461,f458_c121-0.png,"[(332, 305), (331, 302), (289, 78), (330, 306), (169, 50), (291, 76), (289, 76), (331, 306), (332, 306), (291, 75), (171, 50)]"
8477465,f612_c440-0.png,"[(262, 203), (51, 464), (49, 391), (257, 206), (50, 463), (51, 461), (260, 204), (52, 389), (261, 208), (261, 204)]"
8478405,f402_c667-0.png,"[(125, 165), (403, 4), (129, 167), (401, 7), (124, 163), (402, 5), (125, 164), (322, 496), (73, 9), (126, 166), (404, 7)]"
8479334,f545_c448-0.png,"[(206, 268), (150, 274), (211, 270), (153, 273), (85, 329), (149, 273), (209, 269), (147, 272), (205, 266), (148, 274), (208, 268)]"
8481481,f456_c348-0.png,"[(53, 319), (56, 323), (194, 328), (195, 321), (181, 302), (56, 319), (54, 320), (182, 306), (54, 321), (196, 321), (184, 308)]"
8482127,f546_c502-0.png,"[(101, 126), (47, 370), (344, 238), (175, 480), (48, 371), (177, 483), (347, 236), (344, 236), (101, 125), (176, 483), (48, 369)]"
8482587,f545_c21-0.png,"[(427, 360), (82, 428), (177, 227), (431, 359), (87, 423), (85, 425), (178, 227), (177, 227), (87, 422), (88, 424), (431, 360), (87, 422), (177, 230), (430, 361)]"
8482783,f454_c532-0.png,"[(328, 23), (297, 60), (295, 60), (328, 22), (328, 22), (478, 259), (402, 468)]"
8483547,f547_c492-0.png,"[(156, 261), (300, 242), (298, 244), (298, 240), (299, 242), (156, 262)]"
8486591,f402_c691-0.png,"[(251, 147), (11, 199), (248, 147), (7, 192), (247, 146), (8, 195), (8, 194), (244, 150), (245, 148), (8, 193), (245, 146), (7, 193), (244, 147), (8, 197), (244, 149), (243, 149), (10, 196)]"
8361588,f78_c406-0.png,"[(136, 238), (269, 103), (41, 329), (267, 105), (43, 332), (134, 239), (42, 331), (270, 103), (134, 238), (44, 331), (134, 237), (271, 102), (44, 330), (135, 239), (43, 331), (133, 239), (269, 105), (133, 240), (45, 330), (44, 330), (45, 330), (134, 239), (269, 103), (134, 238), (43, 331)]"
8410550,f1_c913-1.png,"[(441, 458), (443, 411), (453, 281), (426, 331), (454, 282), (443, 458), (104, 401), (106, 402), (454, 283), (453, 284), (451, 282), (391, 230), (439, 455), (455, 283), (440, 458), (457, 282), (105, 404), (453, 283), (440, 456), (104, 400), (452, 284), (392, 232), (456, 281), (442, 458), (443, 411), (454, 285), (410, 231), (402, 233), (434, 206), (455, 282), (394, 230), (106, 400), (104, 403), (453, 284), (439, 459), (447, 86)]"
8457749,f91_c31-0.png,"[(439, 222), (317, 339), (183, 461), (442, 224), (316, 341), (188, 456), (318, 337), (186, 459), (316, 337), (442, 224), (440, 221), (179, 460), (316, 343), (437, 224), (441, 222), (318, 339), (186, 459)]"
8358632,f77_c158-0.png,"[(389, 149), (157, 18), (391, 155), (142, 318), (157, 13), (142, 317), (393, 152), (394, 155), (143, 319), (393, 154), (349, 179), (140, 317), (392, 154), (348, 180), (156, 15), (392, 153), (350, 178), (347, 182), (390, 151), (138, 318), (158, 15), (141, 316), (346, 179), (390, 153), (392, 149), (339, 180), (391, 152), (158, 13), (390, 153), (348, 177), (142, 317), (391, 154), (347, 178), (139, 316)]"
8432853,f1_c722-0.png,"[(209, 157), (210, 159), (91, 135), (375, 132), (462, 434), (150, 281)]"
8421806,f152_c926-0.png,"[(445, 410), (471, 287), (459, 341), (375, 435), (491, 327), (471, 286), (491, 326), (445, 411), (373, 434), (444, 410), (490, 327), (470, 286), (375, 435), (472, 288), (490, 329), (492, 329), (489, 329), (468, 286), (493, 325), (457, 339), (371, 438), (447, 409), (471, 287), (459, 342), (488, 327), (165, 244), (376, 436), (491, 328), (446, 409), (375, 436), (373, 435), (469, 289), (486, 329), (375, 435), (447, 410), (493, 328), (467, 287), (444, 408), (490, 327), (467, 286), (375, 435), (470, 294), (494, 338)]"
8487710,f612_c111-0.png,"[(385, 232), (194, 304), (149, 91), (386, 235), (194, 305), (192, 304), (152, 90), (389, 232), (195, 304), (387, 234), (193, 302), (387, 234), (150, 89), (385, 234), (194, 305), (385, 232), (193, 302), (386, 233), (153, 90), (193, 304), (387, 235), (194, 305), (152, 90)]"
8487542,f612_c457-0.png,"[(152, 223), (241, 222), (339, 121), (153, 226), (337, 122), (335, 123), (152, 225), (154, 226), (241, 224), (337, 123), (154, 222), (335, 124), (153, 223), (151, 225), (337, 120), (240, 222), (338, 122), (153, 225), (240, 222), (152, 224), (153, 223), (153, 224), (240, 223), (336, 122), (151, 226), (241, 222), (338, 122)]"
8486946,f549_c139-0.png,"[(432, 74), (46, 193), (322, 120), (431, 73), (321, 120), (45, 189), (435, 66), (325, 112), (40, 193), (315, 117), (431, 66), (38, 181), (319, 120), (429, 73), (44, 190), (429, 74), (322, 121), (44, 190)]"
8486266,f551_c212-0.png,"[(402, 483), (91, 175), (85, 178), (317, 493), (405, 482), (87, 178), (407, 478), (318, 491), (84, 181), (408, 479), (319, 495), (88, 180), (319, 493), (406, 480), (408, 483), (320, 492), (88, 178), (84, 180)]"
8484885,f455_c135-0.png,"[(126, 224), (168, 64), (104, 12), (128, 14), (173, 77), (122, 241), (126, 242), (175, 74), (128, 13), (124, 244), (129, 14), (175, 76), (125, 243), (123, 241), (176, 76), (130, 14), (125, 244), (175, 78), (127, 16), (130, 16), (171, 76), (123, 239)]"
8484781,f402_c700-0.png,"[(192, 267), (323, 248), (396, 469), (189, 264), (191, 270), (323, 248), (190, 263), (320, 250), (193, 265), (321, 249), (397, 469), (193, 268), (192, 268), (326, 251), (393, 470), (192, 268), (316, 241), (398, 464), (204, 264), (191, 265), (192, 270), (325, 248), (190, 266), (397, 468), (323, 242), (188, 260), (323, 247), (191, 267), (191, 266), (322, 247)]"
8483499,f551_c134-0.png,"[(323, 305), (374, 410), (327, 190), (325, 304), (325, 193), (375, 408), (154, 134), (218, 18), (377, 409), (324, 305), (329, 192), (224, 17), (379, 414), (326, 305), (326, 192), (216, 22), (330, 195), (326, 305), (380, 410), (231, 13), (163, 127), (318, 309), (383, 410), (337, 192), (329, 194), (324, 310), (377, 412), (220, 24), (377, 411), (325, 307), (329, 191), (316, 305), (377, 422), (323, 192), (211, 13), (148, 129), (323, 306), (377, 410), (218, 18), (329, 193), (326, 304), (222, 16), (370, 405), (323, 189), (327, 195), (325, 307), (375, 410), (376, 412), (325, 307), (330, 196), (155, 130), (219, 19), (324, 306), (376, 411), (328, 191)]"
8482835,f551_c103-0.png,"[(320, 327), (357, 13), (296, 325), (319, 325), (360, 6), (300, 327), (320, 329), (291, 329), (240, 92), (222, 48), (217, 385), (204, 475), (295, 325), (320, 330), (356, 13), (295, 324), (321, 329), (358, 14), (317, 331), (294, 324), (320, 328), (319, 328), (295, 324), (356, 12)]"
8482826,f612_c369-0.png,"[(430, 439), (317, 203), (488, 11), (430, 437), (315, 205), (488, 13), (63, 6), (488, 13), (317, 201), (428, 436), (310, 206), (432, 435), (316, 206), (430, 437), (487, 10), (431, 437), (318, 205), (489, 11), (317, 205), (432, 436), (488, 11), (435, 437), (320, 207), (485, 12)]"
8482348,f551_c337-0.png,"[(326, 414), (377, 316), (133, 154), (326, 417), (135, 151), (328, 417), (379, 315), (135, 152), (325, 418), (135, 153), (376, 315), (327, 416), (380, 314), (135, 153), (135, 153), (379, 316), (327, 416), (325, 419), (377, 315), (134, 153), (329, 418), (133, 154), (326, 419), (378, 314), (327, 417), (378, 317), (133, 153)]"
8482224,f551_c140-0.png,"[(85, 482), (217, 464), (89, 479), (91, 472), (227, 458), (275, 298), (269, 312), (217, 464), (87, 481), (87, 480), (269, 308), (215, 468), (217, 465), (269, 313), (87, 481), (87, 479), (217, 464), (268, 309), (215, 463), (86, 479), (269, 310)]"